{
  "phi0": 0.3898345409570659,
  "compaction_c": 0.0003375132470084687,
  "phi_noise_std": 0.07697546674721482,
  "phi_layer_amp": 0.24076526624920652,
  "phi_layer_period": 13.45085174393863,
  "dt_matrix": 41.57065879821516,
  "dt_noise_std": 8.339048890865511,
  "dt_fluid": 182.4214489612348,
  "rho_matrix": 2.9212997479959006,
  "rho_fluid": 0.9029844764912011,
  "rhob_noise_std": 0.18344288419770874,
  "archie_a": 3.122601457832659,
  "archie_m": 1.714179336231113,
  "archie_n": 3.7499828852308785,
  "Rw": 0.33464294746453366,
  "Sw": 0.9627492061076626,
  "res_log_noise_std": 0.18187590155746855,
  "res_clip_min": 0.01,
  "res_clip_max": 10000,
  "gr_clean": 30.009474456804547,
  "gr_shale": 98.81377161583256,
  "gr_noise_std": 15.891556844517664,
  "hp_fluid_density": 1.0495236344719778,
  "psi_per_ft_per_gcc": 1.4223,
  "ob_shallow_rhob": 1.6420555701252857,
  "nct_dt0": 59.947129471095714,
  "nct_dt_surface": 307.8564027703716,
  "nct_k": 0.0004823271659181849,
  "nct_smooth_window": 1494,
  "nct_weight_smooth": 0.9205264320426211,
  "eaton_n": 1.3683550348643074,
  "w_jsd": -0.32507677918100186,
  "w_wasserstein": 0.9410965764766308,
  "w_frobenius": -0.7184757706761731,
  "w_acf": 0.8317773979541646
}