{
  "phi0": 0.5453551330667576,
  "compaction_c": 0.0004913655740798756,
  "phi_noise_std": 0.008506380631048817,
  "phi_layer_amp": 0.19460494690162758,
  "phi_layer_period": 7.548953598034318,
  "dt_matrix": 67.16681562907536,
  "dt_noise_std": 6.9982500599138255,
  "dt_fluid": 152.26998866658488,
  "rho_matrix": 2.8542098568469196,
  "rho_fluid": 1.2907619661159322,
  "rhob_noise_std": 0.13096709660140804,
  "archie_a": 1.4900714319222275,
  "archie_m": 2.33505625690305,
  "archie_n": 1.5964969949934558,
  "Rw": 0.10273627496541936,
  "Sw": 0.5143545865408076,
  "res_log_noise_std": 0.13667703720624064,
  "res_clip_min": 0.01,
  "res_clip_max": 10000,
  "gr_clean": 41.97426532192658,
  "gr_shale": 220.02993646324336,
  "gr_noise_std": 23.384509425214784,
  "hp_fluid_density": 0.9172214576627952,
  "psi_per_ft_per_gcc": 1.4223,
  "ob_shallow_rhob": 1.8537926526046502,
  "nct_dt0": 40.88544352719451,
  "nct_dt_surface": 297.61584796604484,
  "nct_k": 0.00019657230922720328,
  "nct_smooth_window": 932,
  "nct_weight_smooth": 0.768870148684051,
  "eaton_n": 0.9809892414624948,
  "w_jsd": -0.8697778985516196,
  "w_wasserstein": -0.9652024795489427,
  "w_frobenius": -0.8982257625756882,
  "w_acf": 0.585392944075905
}