{
  "phi0": 0.5909478051633842,
  "compaction_c": 0.00028417138725213536,
  "phi_noise_std": 0.0061886425048799055,
  "phi_layer_amp": 0.13489512445590712,
  "phi_layer_period": 299.9220737610772,
  "dt_matrix": 50.98822103902686,
  "dt_noise_std": 2.5199899306233497,
  "dt_fluid": 156.35170953144268,
  "rho_matrix": 2.6611484001214087,
  "rho_fluid": 1.0981401294131088,
  "rhob_noise_std": 0.08932856977182133,
  "archie_a": 3.235738592148339,
  "archie_m": 2.270378300868537,
  "archie_n": 1.2697754590212154,
  "Rw": 0.022587748373009146,
  "Sw": 0.4410110084526081,
  "res_log_noise_std": 0.21153552910163054,
  "res_clip_min": 0.01,
  "res_clip_max": 10000,
  "gr_clean": 3.0346941313240006,
  "gr_shale": 68.26435366108485,
  "gr_noise_std": 6.044339784609164,
  "hp_fluid_density": 1.0646388564430158,
  "psi_per_ft_per_gcc": 1.4223,
  "ob_shallow_rhob": 2.309510530089893,
  "nct_dt0": 90.28212165534667,
  "nct_dt_surface": 269.18964715093045,
  "nct_k": 0.00022868926455625575,
  "nct_smooth_window": 64,
  "nct_weight_smooth": 0.9390911572943382,
  "eaton_n": 3.731992032993206,
  "w_jsd": 0.8331355744414506,
  "w_wasserstein": 0.2091621753924204,
  "w_frobenius": -0.473009320798551,
  "w_acf": 0.39319123933927325
}