{
  "phi0": 0.3710153608466259,
  "compaction_c": 4.280191197439731e-05,
  "phi_noise_std": 0.06688286842575637,
  "phi_layer_amp": 0.14753752239674855,
  "phi_layer_period": 22.591271438748223,
  "dt_matrix": 64.53482473153281,
  "dt_noise_std": 12.336074738279418,
  "dt_fluid": 214.1212445630272,
  "rho_matrix": 2.4114104967033336,
  "rho_fluid": 0.8897826034800183,
  "rhob_noise_std": 0.17340805621883978,
  "archie_a": 1.003167253799947,
  "archie_m": 3.493972987094132,
  "archie_n": 2.4799604909229642,
  "Rw": 0.008288960178826027,
  "Sw": 0.9112296260349461,
  "res_log_noise_std": 0.4992283221420313,
  "res_clip_min": 0.01,
  "res_clip_max": 10000,
  "gr_clean": 55.23963052298657,
  "gr_shale": 99.72690746947566,
  "gr_noise_std": 19.07410576165951,
  "w_jsd": -0.7714808212492463,
  "w_wasserstein": -0.8782557088725871,
  "w_frobenius": 0.9342856714776554,
  "w_acf": -0.9673739936541601
}