{
  "phi0": 0.7271327731313765,
  "compaction_c": 0.0005804672686066983,
  "phi_noise_std": 0.07643227097918101,
  "phi_layer_amp": 0.15991630720809755,
  "phi_layer_period": 51.649770252464144,
  "dt_matrix": 67.52685111820506,
  "dt_noise_std": 17.243003322911125,
  "dt_fluid": 189.58362807803005,
  "rho_matrix": 2.5531109807859376,
  "rho_fluid": 0.9228133674009272,
  "rhob_noise_std": 0.1870514480400002,
  "archie_a": 2.357629149588467,
  "archie_m": 1.3477641936008045,
  "archie_n": 1.960846914440153,
  "Rw": 0.013916111838743968,
  "Sw": 0.8565202956481309,
  "res_log_noise_std": 0.4980839383200036,
  "res_clip_min": 0.01,
  "res_clip_max": 10000,
  "gr_clean": 78.20032424453143,
  "gr_shale": 50.340121341835314,
  "gr_noise_std": 33.462922624263946,
  "w_jsd": 0.327532157094772,
  "w_wasserstein": 0.934666762379945,
  "w_frobenius": 0.9579948882353814,
  "w_acf": -0.8146484316514517
}